{
	"animationmode" : null,
	"children" : null,
	"controlpoint" : 
	[
		{
			"flags" : 0,
			"id" : 0,
			"offset" : "0 0 0"
		},
		{
			"flags" : 0,
			"id" : 1,
			"offset" : "0 0 0"
		},
		{
			"flags" : 0,
			"id" : 2,
			"offset" : "0 0 0"
		},
		{
			"flags" : 0,
			"id" : 3,
			"offset" : "0 0 0"
		},
		{
			"flags" : 0,
			"id" : 4,
			"offset" : "0 0 0"
		},
		{
			"flags" : 0,
			"id" : 5,
			"offset" : "0 0 0"
		},
		{
			"flags" : 0,
			"id" : 6,
			"offset" : "0 0 0"
		},
		{
			"flags" : 0,
			"id" : 7,
			"offset" : "0 0 0"
		}
	],
	"emitter" : 
	[
		{
			"directions" : "1 1 0",
			"distancemax" : 512,
			"distancemin" : 32,
			"id" : 5,
			"name" : "sphererandom",
			"origin" : "-300 0 0",
			"rate" : 10
		},
		{
			"distancemax" : 450,
			"distancemin" : 32,
			"id" : 6,
			"name" : "sphererandom",
			"origin" : "400 -850 0"
		}
	],
	"flags" : null,
	"initializer" : 
	[
		{
			"id" : 2,
			"max" : 10,
			"min" : 4,
			"name" : "lifetimerandom"
		},
		{
			"id" : 3,
			"max" : 200,
			"min" : 50,
			"name" : "sizerandom"
		},
		{
			"id" : 4,
			"max" : "132 140 244",
			"min" : "253 114 255",
			"name" : "colorrandom"
		}
	],
	"material" : "materials/particle/halo_1.json",
	"maxcount" : 50,
	"operator" : 
	[
		{
			"gravity" : "0 150 0",
			"id" : 7,
			"name" : "movement"
		},
		{
			"fadeintime" : 0.5,
			"id" : 8,
			"name" : "alphafade"
		}
	],
	"renderer" : 
	[
		{
			"id" : 1,
			"name" : "sprite"
		}
	],
	"sequencemultiplier" : null,
	"starttime" : 5
}