{
	"animationmode" : null,
	"children" : null,
	"controlpoint" : 
	[
		{
			"flags" : 0,
			"id" : 0,
			"offset" : "0 0 0"
		},
		{
			"flags" : 0,
			"id" : 1,
			"offset" : "0 0 0"
		},
		{
			"flags" : 0,
			"id" : 2,
			"offset" : "0 0 0"
		},
		{
			"flags" : 0,
			"id" : 3,
			"offset" : "0 0 0"
		},
		{
			"flags" : 0,
			"id" : 4,
			"offset" : "0 0 0"
		},
		{
			"flags" : 0,
			"id" : 5,
			"offset" : "0 0 0"
		},
		{
			"flags" : 0,
			"id" : 6,
			"offset" : "0 0 0"
		},
		{
			"flags" : 0,
			"id" : 7,
			"offset" : "0 0 0"
		}
	],
	"emitter" : 
	[
		{
			"directions" : "1 1 0",
			"distancemax" : 512,
			"distancemin" : 32,
			"id" : 6,
			"name" : "sphererandom",
			"origin" : "0 0 0",
			"rate" : 20
		}
	],
	"flags" : null,
	"initializer" : 
	[
		{
			"id" : 2,
			"max" : 5,
			"min" : 3,
			"name" : "lifetimerandom"
		},
		{
			"id" : 3,
			"max" : 200,
			"min" : 50,
			"name" : "sizerandom"
		},
		{
			"id" : 4,
			"max" : "50 50 0",
			"min" : "-50 50 0",
			"name" : "velocityrandom"
		},
		{
			"id" : 5,
			"max" : "255 255 255",
			"min" : "255 255 255",
			"name" : "colorrandom"
		}
	],
	"material" : "materials/particle/halo_3.json",
	"maxcount" : 64,
	"operator" : 
	[
		{
			"gravity" : "0 0 0",
			"id" : 7,
			"name" : "movement"
		},
		{
			"fadeintime" : 0.5,
			"id" : 8,
			"name" : "alphafade"
		}
	],
	"renderer" : 
	[
		{
			"id" : 1,
			"name" : "sprite"
		}
	],
	"sequencemultiplier" : null,
	"starttime" : 0
}