{
	"camera" : 
	{
		"center" : "-490.04245 171.27394 -1.00000",
		"eye" : "-490.04245 171.27394 0.00000",
		"up" : "0.00000 1.00000 0.00000"
	},
	"general" : 
	{
		"ambientcolor" : "0.30000 0.30000 0.30000",
		"bloom" : true,
		"bloomhdrfeather" : 0.31999999284744263,
		"bloomhdrscatter" : 1.6189999580383301,
		"bloomhdrsoftthreshold" : 0.10000000149011612,
		"bloomhdrstrength" : 2.0,
		"bloomhdrthreshold" : 1.0,
		"bloomstrength" : 10.0,
		"bloomthreshold" : 0.85000002384185791,
		"camerafade" : true,
		"cameraparallax" : false,
		"cameraparallaxamount" : 0.5,
		"cameraparallaxdelay" : 0.10000000149011612,
		"cameraparallaxmouseinfluence" : 0.0,
		"camerapreview" : true,
		"camerashake" : false,
		"camerashakeamplitude" : 0.5,
		"camerashakeroughness" : 1.0,
		"camerashakespeed" : 3.0,
		"clearcolor" : "0.61569 0.61569 0.61569",
		"clearenabled" : true,
		"farz" : 10000.0,
		"fov" : 50.0,
		"hdr" : true,
		"nearz" : 0.0099999997764825821,
		"orthogonalprojection" : 
		{
			"height" : 2160,
			"width" : 3840
		},
		"skylightcolor" : "0.30000 0.30000 0.30000",
		"zoom" : 1.0
	},
	"objects" : 
	[
		{
			"alignment" : "center",
			"alpha" : 1.0,
			"angles" : "0.00000 0.00000 0.00000",
			"brightness" : 0.89999997615814209,
			"color" : "1.00000 1.00000 1.00000",
			"colorBlendMode" : 0,
			"copybackground" : true,
			"effects" : 
			[
				{
					"file" : "effects/vhs/effect.json",
					"id" : 90,
					"name" : "",
					"passes" : 
					[
						{
							"combos" : 
							{
								"BLENDMODE" : 31,
								"GREYSCALE" : 0,
								"INVERTARTIFACTS" : 0
							},
							"constantshadervalues" : 
							{
								"artifacts" : 0,
								"chromatic" : 0,
								"distortionspeed" : 0,
								"distortionstrength" : 0,
								"scale" : 0.014999999999999999,
								"strength" : 0.5
							},
							"id" : 91,
							"textures" : 
							[
								null,
								"util/noise",
								"masks/vhs_mask_681d95af21112ea41fc4cd51aa49d9c553ef1173"
							]
						}
					],
					"visible" : true
				}
			],
			"id" : 23,
			"image" : "models/cyberpunkbg.json",
			"ledsource" : false,
			"locktransforms" : false,
			"name" : "cyberpunkbg",
			"origin" : "1920.00000 1080.00000 0.00000",
			"parallaxDepth" : "1.00000 1.00000",
			"perspective" : false,
			"scale" : "1.00000 1.00000 1.00000",
			"size" : "3840.00000 2160.00000",
			"solid" : true,
			"visible" : 
			{
				"script" : "'use strict';\n\nvar shipsRight = [];\nvar shipsLeft = [];\nvar shipsBottom = [];\n\nfunction randomizeOrigin(config, origin, amount) {\n\tvar pos = new Vec3();\n\tpos.x += Math.random() * amount - amount * 0.5;\n\tconfig.origin.value = origin.copy().add(pos);\n\treturn config;\n}\n\n/**\n * @param {Boolean} value - for property 'visible'\n * @return {Boolean} - update current property value\n */\nexport function init(value) {\n\tshipsRight.push(thisScene.getLayer('shipright'));\n\tshipsLeft.push(thisScene.getLayer('shipleft'));\n\tshipsBottom.push(thisScene.getLayer('shipbottom'));\n\n\tvar shipRightConfig = thisScene.getInitialLayerConfig(shipsRight[0]);\n\tvar shipRightOrigin = new Vec3(shipRightConfig.origin.value);\n\n\tshipsRight.push(thisScene.createLayer(randomizeOrigin(shipRightConfig, shipRightOrigin, 100)));\n\tshipsRight.push(thisScene.createLayer(randomizeOrigin(shipRightConfig, shipRightOrigin, 100)));\n\n\tvar shipLeftConfig = thisScene.getInitialLayerConfig(shipsLeft[0]);\n\tvar shipLeftOrigin = new Vec3(shipLeftConfig.origin.value);\n\tshipsLeft.push(thisScene.createLayer(randomizeOrigin(shipLeftConfig, shipLeftOrigin, 100)));\n\tshipsLeft.push(thisScene.createLayer(randomizeOrigin(shipLeftConfig, shipLeftOrigin, 100)));\n\tshipsLeft.push(thisScene.createLayer(randomizeOrigin(shipLeftConfig, shipLeftOrigin, 100)));\n\tshipsLeft.push(thisScene.createLayer(randomizeOrigin(shipLeftConfig, shipLeftOrigin, 100)));\n\tshipsLeft.push(thisScene.createLayer(randomizeOrigin(shipLeftConfig, shipLeftOrigin, 100)));\n\n\tvar shipBottomConfig = thisScene.getInitialLayerConfig(shipsBottom[0]);\n\tshipsBottom.push(thisScene.createLayer(randomizeOrigin(shipBottomConfig, new Vec3(shipBottomConfig.origin.value), 150)));\n\n\t// shipsLeft.forEach((ship) => { randomizeOrigin(ship, 400); });\n\n\tvar playRightShips = function () {\n\t\tvar delay = 0;\n\t\tshipsRight.forEach((ship) => {\n\t\t\tengine.setTimeout(() => {\n\t\t\t\tship.getAnimation('origin').play();\n\t\t\t}, delay);\n\t\t\tdelay += 300;\n\t\t});\n\t\tengine.setTimeout(playRightShips, 15000 + Math.random() * 15000);\n\t};\n\tengine.setTimeout(playRightShips, 4000 + Math.random() * 2000);\n\n\tvar playLeftShips = function () {\n\t\tvar delay = 0;\n\t\tshipsLeft.forEach((ship) => {\n\t\t\tengine.setTimeout(() => {\n\t\t\t\tship.getAnimation('origin').play();\n\t\t\t}, delay);\n\t\t\tdelay += 1000;\n\t\t});\n\t};\n\tengine.setInterval(playLeftShips, 9000);\n\tplayLeftShips();\n\n\tvar playBottomShips = function () {\n\t\tvar delay = 0;\n\t\tshipsBottom.forEach((ship) => {\n\t\t\tengine.setTimeout(() => {\n\t\t\t\tship.getAnimation('origin').play();\n\t\t\t}, delay);\n\t\t\tdelay += 3000;\n\t\t});\n\t\tengine.setTimeout(playBottomShips, 4000 + Math.random() * 4000);\n\t};\n\tengine.setTimeout(playBottomShips, Math.random() * 4000);\n}\n",
				"value" : false
			}
		},
		{
			"angles" : "0.00000 0.00000 0.00000",
			"id" : 124,
			"instanceoverride" : 
			{
				"brightness" : 20.0,
				"colorn" : "0.90588 0.99608 1.00000",
				"count" : 0.27000001072883606,
				"id" : 125,
				"size" : 0.6600000262260437
			},
			"locktransforms" : false,
			"name" : "sky_copy1",
			"origin" : "1540.18481 1978.79443 0.00000",
			"parallaxDepth" : "1.00000 1.00000",
			"particle" : "particles/sky_copy1.json",
			"scale" : "0.75187 0.75187 0.75187",
			"visible" : false
		},
		{
			"alignment" : "center",
			"alpha" : 1.0,
			"angles" : "0.00000 0.00000 0.00000",
			"animationlayers" : 
			[
				{
					"additive" : false,
					"animation" : 174,
					"blend" : 1.0,
					"id" : 177,
					"name" : "Animation 1",
					"rate" : 0.51999998092651367,
					"visible" : true
				}
			],
			"brightness" : 1.0,
			"color" : "1.00000 1.00000 1.00000",
			"colorBlendMode" : 0,
			"copybackground" : true,
			"id" : 161,
			"image" : "models/wires.json",
			"ledsource" : false,
			"locktransforms" : false,
			"name" : "wires",
			"origin" : "1460.38623 1970.79565 0.00000",
			"parallaxDepth" : "1.00000 1.00000",
			"perspective" : false,
			"scale" : "1.00000 1.00000 1.00000",
			"size" : "750.00000 388.00000",
			"solid" : true,
			"visible" : false
		},
		{
			"angles" : "0.00000 -0.00000 0.14942",
			"id" : 159,
			"instanceoverride" : 
			{
				"brightness" : 40.0,
				"count" : 0.25,
				"id" : 160,
				"size" : 0.14000000059604645,
				"speed" : 0.31000000238418579
			},
			"locktransforms" : false,
			"name" : "bg_copy1",
			"origin" : "1898.37207 1184.08704 0.00000",
			"parallaxDepth" : "1.00000 1.00000",
			"particle" : "particles/bg_copy1.json",
			"scale" : "1.00000 1.00000 1.00000",
			"visible" : false
		},
		{
			"alignment" : "center",
			"alpha" : 1.0,
			"angles" : "0.00000 0.00000 0.00000",
			"brightness" : 3.2799999713897705,
			"color" : "0.62353 0.65098 1.00000",
			"colorBlendMode" : 0,
			"copybackground" : true,
			"effects" : 
			[
				{
					"file" : "effects/transform/effect.json",
					"id" : 106,
					"name" : "",
					"passes" : 
					[
						{
							"constantshadervalues" : 
							{
								"offset" : 
								{
									"script" : "'use strict';\n\nshared.barOffset = 0.3;\nshared.restartBar = function() {\n\tshared.barOffset = 0.3;\n}\n\n/**\n * @param {Vec2} value - for property 'offset'\n * @return {Vec2} - update current property value\n */\nexport function update(value) {\n\tif (shared.barOffset > -1) {\n\t\tshared.barOffset -= engine.frametime * 0.55;\n\t}\n\tvalue.x = shared.barOffset;\n\treturn value;\n}\n",
									"value" : "-0.1 0"
								},
								"scale" : "0.5 1"
							},
							"id" : 107
						}
					],
					"visible" : true
				}
			],
			"id" : 101,
			"image" : "models/bar.json",
			"ledsource" : false,
			"locktransforms" : true,
			"name" : "bar",
			"origin" : "1671.01819 1160.80896 0.00000",
			"parallaxDepth" : "1.00000 1.00000",
			"perspective" : false,
			"scale" : "1.00000 1.00000 1.00000",
			"size" : "256.00000 32.00000",
			"solid" : true,
			"visible" : false
		},
		{
			"alignment" : "center",
			"alpha" : 
			{
				"animation" : 
				{
					"c0" : 
					[
						{
							"back" : 
							{
								"enabled" : false,
								"x" : -1,
								"y" : 0
							},
							"frame" : 0,
							"front" : 
							{
								"enabled" : false,
								"x" : 1,
								"y" : 0
							},
							"lockangle" : true,
							"locklength" : true,
							"value" : 0
						},
						{
							"back" : 
							{
								"enabled" : true,
								"x" : -1,
								"y" : 0
							},
							"frame" : 5,
							"front" : 
							{
								"enabled" : true,
								"x" : 1,
								"y" : 0
							},
							"lockangle" : true,
							"locklength" : true,
							"value" : 1
						},
						{
							"back" : 
							{
								"enabled" : false,
								"x" : -1,
								"y" : 0
							},
							"frame" : 12,
							"front" : 
							{
								"enabled" : false,
								"x" : 1,
								"y" : 0
							},
							"lockangle" : true,
							"locklength" : true,
							"value" : 1
						},
						{
							"back" : 
							{
								"enabled" : true,
								"x" : -1,
								"y" : 0
							},
							"frame" : 30,
							"front" : 
							{
								"enabled" : true,
								"x" : 1,
								"y" : 0
							},
							"lockangle" : true,
							"locklength" : true,
							"value" : 0
						}
					],
					"options" : 
					{
						"fps" : 15,
						"length" : 30,
						"mode" : "single",
						"parent" : 
						{
							"key" : "origin"
						}
					}
				},
				"value" : 1.0
			},
			"angles" : 
			{
				"animation" : 
				{
					"c0" : 
					[
						{
							"back" : 
							{
								"enabled" : false,
								"x" : -1,
								"y" : 0
							},
							"frame" : 0,
							"front" : 
							{
								"enabled" : false,
								"x" : 1,
								"y" : 0
							},
							"lockangle" : true,
							"locklength" : true,
							"value" : 0
						},
						{
							"back" : 
							{
								"enabled" : false,
								"x" : -1,
								"y" : 0
							},
							"frame" : 12,
							"front" : 
							{
								"enabled" : false,
								"x" : 1,
								"y" : 0
							},
							"lockangle" : true,
							"locklength" : true,
							"value" : 0
						},
						{
							"back" : 
							{
								"enabled" : true,
								"x" : -1,
								"y" : 0
							},
							"frame" : 30,
							"front" : 
							{
								"enabled" : true,
								"x" : 1,
								"y" : 0
							},
							"lockangle" : true,
							"locklength" : true,
							"value" : 0
						}
					],
					"c1" : 
					[
						{
							"back" : 
							{
								"enabled" : false,
								"x" : -1,
								"y" : 0
							},
							"frame" : 0,
							"front" : 
							{
								"enabled" : false,
								"x" : 1,
								"y" : 0
							},
							"lockangle" : true,
							"locklength" : true,
							"value" : 0
						},
						{
							"back" : 
							{
								"enabled" : false,
								"x" : -1,
								"y" : 0
							},
							"frame" : 12,
							"front" : 
							{
								"enabled" : false,
								"x" : 1,
								"y" : 0
							},
							"lockangle" : true,
							"locklength" : true,
							"value" : 0
						},
						{
							"back" : 
							{
								"enabled" : true,
								"x" : -1,
								"y" : 0
							},
							"frame" : 30,
							"front" : 
							{
								"enabled" : true,
								"x" : 1,
								"y" : 0
							},
							"lockangle" : true,
							"locklength" : true,
							"value" : 0
						}
					],
					"c2" : 
					[
						{
							"back" : 
							{
								"enabled" : false,
								"x" : -1,
								"y" : 0
							},
							"frame" : 0,
							"front" : 
							{
								"enabled" : false,
								"x" : 1,
								"y" : 0
							},
							"lockangle" : true,
							"locklength" : true,
							"value" : 0.077909999999999993
						},
						{
							"back" : 
							{
								"enabled" : false,
								"x" : -1,
								"y" : 0
							},
							"frame" : 12,
							"front" : 
							{
								"enabled" : false,
								"x" : 1,
								"y" : 0
							},
							"lockangle" : true,
							"locklength" : true,
							"value" : 0.08432000000000002
						},
						{
							"back" : 
							{
								"enabled" : true,
								"x" : -1,
								"y" : 0
							},
							"frame" : 30,
							"front" : 
							{
								"enabled" : true,
								"x" : 1,
								"y" : 0
							},
							"lockangle" : true,
							"locklength" : true,
							"value" : 0
						}
					],
					"options" : 
					{
						"fps" : 15,
						"length" : 30,
						"mode" : "single",
						"parent" : 
						{
							"key" : "origin"
						}
					},
					"relative" : true
				},
				"value" : "0.00000 0.00000 0.00000"
			},
			"brightness" : 1.0,
			"color" : "1.00000 1.00000 1.00000",
			"colorBlendMode" : 0,
			"copybackground" : true,
			"id" : 81,
			"image" : "models/shipright.json",
			"ledsource" : false,
			"locktransforms" : false,
			"name" : "shipright",
			"origin" : 
			{
				"animation" : 
				{
					"c0" : 
					[
						{
							"back" : 
							{
								"enabled" : false,
								"x" : -1,
								"y" : 0
							},
							"frame" : 0,
							"front" : 
							{
								"enabled" : false,
								"x" : 1,
								"y" : 0
							},
							"lockangle" : true,
							"locklength" : true,
							"value" : 0
						},
						{
							"back" : 
							{
								"enabled" : false,
								"x" : -0.83333333333333348,
								"y" : 70.993356554455403
							},
							"frame" : 12,
							"front" : 
							{
								"enabled" : false,
								"x" : 0.83333333333333348,
								"y" : -70.993356554455403
							},
							"lockangle" : true,
							"locklength" : true,
							"value" : -640.89356000000021
						},
						{
							"back" : 
							{
								"enabled" : true,
								"x" : -1,
								"y" : 0
							},
							"frame" : 30,
							"front" : 
							{
								"enabled" : true,
								"x" : 1,
								"y" : 0
							},
							"lockangle" : true,
							"locklength" : true,
							"value" : -1015.5694600000002
						}
					],
					"c1" : 
					[
						{
							"back" : 
							{
								"enabled" : false,
								"x" : -1,
								"y" : 0
							},
							"frame" : 0,
							"front" : 
							{
								"enabled" : false,
								"x" : 1,
								"y" : 0
							},
							"lockangle" : true,
							"locklength" : true,
							"value" : 0
						},
						{
							"back" : 
							{
								"enabled" : false,
								"x" : -1,
								"y" : 0
							},
							"frame" : 12,
							"front" : 
							{
								"enabled" : false,
								"x" : 1,
								"y" : 0
							},
							"lockangle" : true,
							"locklength" : true,
							"value" : -105.99377000000004
						},
						{
							"back" : 
							{
								"enabled" : true,
								"x" : -1,
								"y" : 0
							},
							"frame" : 30,
							"front" : 
							{
								"enabled" : true,
								"x" : 1,
								"y" : 0
							},
							"lockangle" : true,
							"locklength" : true,
							"value" : -182.40796
						}
					],
					"c2" : 
					[
						{
							"back" : 
							{
								"enabled" : false,
								"x" : -1,
								"y" : 0
							},
							"frame" : 0,
							"front" : 
							{
								"enabled" : false,
								"x" : 1,
								"y" : 0
							},
							"lockangle" : true,
							"locklength" : true,
							"value" : 0
						},
						{
							"back" : 
							{
								"enabled" : false,
								"x" : -1,
								"y" : 0
							},
							"frame" : 12,
							"front" : 
							{
								"enabled" : false,
								"x" : 1,
								"y" : 0
							},
							"lockangle" : true,
							"locklength" : true,
							"value" : 0
						},
						{
							"back" : 
							{
								"enabled" : true,
								"x" : -1,
								"y" : 0
							},
							"frame" : 30,
							"front" : 
							{
								"enabled" : true,
								"x" : 1,
								"y" : 0
							},
							"lockangle" : true,
							"locklength" : true,
							"value" : 0
						}
					],
					"options" : 
					{
						"children" : 
						[
							{
								"key" : "angles"
							},
							{
								"key" : "scale"
							},
							{
								"key" : "alpha"
							}
						],
						"fps" : 15,
						"length" : 30,
						"mode" : "single",
						"startpaused" : true
					},
					"relative" : true
				},
				"value" : "2560.33179 1630.95886 0.00000"
			},
			"parallaxDepth" : "1.00000 1.00000",
			"perspective" : false,
			"scale" : 
			{
				"animation" : 
				{
					"c0" : 
					[
						{
							"back" : 
							{
								"enabled" : false,
								"x" : -1,
								"y" : 0
							},
							"frame" : 0,
							"front" : 
							{
								"enabled" : false,
								"x" : 1,
								"y" : 0
							},
							"lockangle" : true,
							"locklength" : true,
							"value" : 0
						},
						{
							"back" : 
							{
								"enabled" : false,
								"x" : -1,
								"y" : 0
							},
							"frame" : 12,
							"front" : 
							{
								"enabled" : false,
								"x" : 1,
								"y" : 0
							},
							"lockangle" : true,
							"locklength" : true,
							"value" : -0.70557000000000003
						},
						{
							"back" : 
							{
								"enabled" : true,
								"x" : -1,
								"y" : 0
							},
							"frame" : 30,
							"front" : 
							{
								"enabled" : true,
								"x" : 1,
								"y" : 0
							},
							"lockangle" : true,
							"locklength" : true,
							"value" : -0.90073000000000003
						}
					],
					"c1" : 
					[
						{
							"back" : 
							{
								"enabled" : false,
								"x" : -1,
								"y" : 0
							},
							"frame" : 0,
							"front" : 
							{
								"enabled" : false,
								"x" : 1,
								"y" : 0
							},
							"lockangle" : true,
							"locklength" : true,
							"value" : 0
						},
						{
							"back" : 
							{
								"enabled" : false,
								"x" : -1,
								"y" : 0
							},
							"frame" : 12,
							"front" : 
							{
								"enabled" : false,
								"x" : 1,
								"y" : 0
							},
							"lockangle" : true,
							"locklength" : true,
							"value" : -0.70557000000000003
						},
						{
							"back" : 
							{
								"enabled" : true,
								"x" : -1,
								"y" : 0
							},
							"frame" : 30,
							"front" : 
							{
								"enabled" : true,
								"x" : 1,
								"y" : 0
							},
							"lockangle" : true,
							"locklength" : true,
							"value" : -0.90073000000000003
						}
					],
					"c2" : 
					[
						{
							"back" : 
							{
								"enabled" : false,
								"x" : -1,
								"y" : 0
							},
							"frame" : 0,
							"front" : 
							{
								"enabled" : false,
								"x" : 1,
								"y" : 0
							},
							"lockangle" : true,
							"locklength" : true,
							"value" : 0
						},
						{
							"back" : 
							{
								"enabled" : false,
								"x" : -1,
								"y" : 0
							},
							"frame" : 12,
							"front" : 
							{
								"enabled" : false,
								"x" : 1,
								"y" : 0
							},
							"lockangle" : true,
							"locklength" : true,
							"value" : -0.70557000000000003
						},
						{
							"back" : 
							{
								"enabled" : true,
								"x" : -1,
								"y" : 0
							},
							"frame" : 30,
							"front" : 
							{
								"enabled" : true,
								"x" : 1,
								"y" : 0
							},
							"lockangle" : true,
							"locklength" : true,
							"value" : -0.90073000000000003
						}
					],
					"options" : 
					{
						"fps" : 15,
						"length" : 30,
						"mode" : "single",
						"parent" : 
						{
							"key" : "origin"
						}
					},
					"relative" : true
				},
				"value" : "1.00000 1.00000 1.00000"
			},
			"size" : "648.00000 209.00000",
			"solid" : true,
			"visible" : false
		},
		{
			"alignment" : "center",
			"alpha" : 1.0,
			"angles" : "0.00000 0.00000 0.00000",
			"animationlayers" : 
			[
				{
					"additive" : false,
					"animation" : 60,
					"blend" : 1.0,
					"id" : 64,
					"name" : "Animation 1",
					"rate" : 0.80000001192092896,
					"visible" : true
				},
				{
					"additive" : false,
					"animation" : 63,
					"blend" : 2.0,
					"id" : 76,
					"name" : "cape",
					"rate" : 1.0,
					"visible" : true
				},
				{
					"additive" : false,
					"animation" : 80,
					"blend" : 1.0,
					"id" : 88,
					"name" : "head",
					"rate" : 0.30000001192092896,
					"visible" : true
				},
				{
					"additive" : false,
					"animation" : 105,
					"blend" : 1.0,
					"id" : 111,
					"name" : "sword",
					"rate" : 0.25999999046325684,
					"visible" : true
				}
			],
			"brightness" : 1.0,
			"color" : "1.00000 1.00000 1.00000",
			"colorBlendMode" : 0,
			"copybackground" : true,
			"dependencies" : [ 101 ],
			"effects" : 
			[
				{
					"file" : "effects/pulse/effect.json",
					"id" : 72,
					"name" : "",
					"passes" : 
					[
						{
							"constantshadervalues" : 
							{
								"amount" : 15,
								"noiseamount" : 3,
								"tinthigh" : "1 0 0",
								"tintlow" : "1 1 1"
							},
							"id" : 73,
							"textures" : 
							[
								null,
								"util/noise",
								"masks/pulse_mask_ee0d9bbc6d0516b8583c8fb3e841485c0b7ec4e8"
							]
						}
					],
					"visible" : false
				},
				{
					"file" : "effects/blend/effect.json",
					"id" : 82,
					"name" : "",
					"passes" : 
					[
						{
							"combos" : 
							{
								"BLENDMODE" : 31
							},
							"constantshadervalues" : 
							{
								"multiply" : 5
							},
							"id" : 83,
							"textures" : 
							[
								null,
								"_rt_imageLayerComposite_101_a",
								"util/white",
								"util/white",
								"util/white",
								"util/white",
								"util/white",
								"masks/blend_mask_843377ec5689457129ad9ee2dd9c051f084db05d"
							]
						}
					],
					"visible" : false
				}
			],
			"id" : 29,
			"image" : "models/samurai.json",
			"ledsource" : false,
			"locktransforms" : false,
			"name" : "samurai",
			"origin" : "1510.48438 1008.73926 0.00000",
			"parallaxDepth" : "1.00000 1.00000",
			"perspective" : false,
			"scale" : "1.00000 1.00000 1.00000",
			"size" : "809.00000 774.00000",
			"solid" : true,
			"visible" : 
			{
				"script" : "'use strict';\n\n\n/**\n * @param {Boolean} value - for property 'visible'\n * @param {AnimationEvent} event - info about the event\n * @return {Boolean} - update current property value\n */\nexport function animationEvent(event, value) {\n\tif (event.name == 'sword') {\n\t\tshared.restartBar();\n\t}\n}\n",
				"value" : true
			}
		},
		{
			"alignment" : "center",
			"alpha" : 
			{
				"animation" : 
				{
					"c0" : 
					[
						{
							"back" : 
							{
								"enabled" : false,
								"x" : -1,
								"y" : 0
							},
							"frame" : 0,
							"front" : 
							{
								"enabled" : false,
								"x" : 1,
								"y" : 0
							},
							"lockangle" : true,
							"locklength" : true,
							"value" : 0
						},
						{
							"back" : 
							{
								"enabled" : false,
								"x" : -1,
								"y" : 0
							},
							"frame" : 2,
							"front" : 
							{
								"enabled" : false,
								"x" : 1,
								"y" : 0
							},
							"lockangle" : true,
							"locklength" : true,
							"value" : 1
						},
						{
							"back" : 
							{
								"enabled" : false,
								"x" : -1,
								"y" : 0
							},
							"frame" : 28,
							"front" : 
							{
								"enabled" : false,
								"x" : 1,
								"y" : 0
							},
							"lockangle" : true,
							"locklength" : true,
							"value" : 1
						},
						{
							"back" : 
							{
								"enabled" : false,
								"x" : -1,
								"y" : 0
							},
							"frame" : 30,
							"front" : 
							{
								"enabled" : false,
								"x" : 1,
								"y" : 0
							},
							"lockangle" : true,
							"locklength" : true,
							"value" : 0
						}
					],
					"options" : 
					{
						"fps" : 6,
						"length" : 30,
						"mode" : "single",
						"parent" : 
						{
							"key" : "origin"
						}
					}
				},
				"value" : 1.0
			},
			"angles" : "0.00000 0.00000 0.00000",
			"brightness" : 1.0,
			"color" : "1.00000 1.00000 1.00000",
			"colorBlendMode" : 0,
			"copybackground" : true,
			"id" : 120,
			"image" : "models/shiptop.json",
			"ledsource" : false,
			"locktransforms" : false,
			"name" : "shipleft",
			"origin" : 
			{
				"animation" : 
				{
					"c0" : 
					[
						{
							"back" : 
							{
								"enabled" : false,
								"x" : -1,
								"y" : 0
							},
							"frame" : 0,
							"front" : 
							{
								"enabled" : false,
								"x" : 1,
								"y" : 0
							},
							"lockangle" : true,
							"locklength" : true,
							"value" : 0
						},
						{
							"back" : 
							{
								"enabled" : false,
								"x" : -1,
								"y" : 0
							},
							"frame" : 30,
							"front" : 
							{
								"enabled" : false,
								"x" : 1,
								"y" : 0
							},
							"lockangle" : true,
							"locklength" : true,
							"value" : 839.62877999999989
						}
					],
					"c1" : 
					[
						{
							"back" : 
							{
								"enabled" : false,
								"x" : -1,
								"y" : 0
							},
							"frame" : 0,
							"front" : 
							{
								"enabled" : false,
								"x" : 1,
								"y" : 0
							},
							"lockangle" : true,
							"locklength" : true,
							"value" : 0
						},
						{
							"back" : 
							{
								"enabled" : false,
								"x" : -1,
								"y" : 0
							},
							"frame" : 30,
							"front" : 
							{
								"enabled" : false,
								"x" : 1,
								"y" : 0
							},
							"lockangle" : true,
							"locklength" : true,
							"value" : -170.70458000000008
						}
					],
					"c2" : 
					[
						{
							"back" : 
							{
								"enabled" : false,
								"x" : -1,
								"y" : 0
							},
							"frame" : 0,
							"front" : 
							{
								"enabled" : false,
								"x" : 1,
								"y" : 0
							},
							"lockangle" : true,
							"locklength" : true,
							"value" : 0
						},
						{
							"back" : 
							{
								"enabled" : false,
								"x" : -1,
								"y" : 0
							},
							"frame" : 30,
							"front" : 
							{
								"enabled" : false,
								"x" : 1,
								"y" : 0
							},
							"lockangle" : true,
							"locklength" : true,
							"value" : 0
						}
					],
					"options" : 
					{
						"children" : 
						[
							{
								"key" : "scale"
							},
							{
								"key" : "alpha"
							}
						],
						"fps" : 6,
						"length" : 30,
						"mode" : "single",
						"startpaused" : true
					},
					"relative" : true
				},
				"value" : "657.08362 1665.66125 0.00000"
			},
			"parallaxDepth" : "1.00000 1.00000",
			"perspective" : false,
			"scale" : 
			{
				"animation" : 
				{
					"c0" : 
					[
						{
							"back" : 
							{
								"enabled" : false,
								"x" : -1,
								"y" : 0
							},
							"frame" : 0,
							"front" : 
							{
								"enabled" : false,
								"x" : 1,
								"y" : 0
							},
							"lockangle" : true,
							"locklength" : true,
							"value" : 0
						},
						{
							"back" : 
							{
								"enabled" : false,
								"x" : -1,
								"y" : 0
							},
							"frame" : 30,
							"front" : 
							{
								"enabled" : false,
								"x" : 1,
								"y" : 0
							},
							"lockangle" : true,
							"locklength" : true,
							"value" : -1.64923
						}
					],
					"c1" : 
					[
						{
							"back" : 
							{
								"enabled" : false,
								"x" : -1,
								"y" : 0
							},
							"frame" : 0,
							"front" : 
							{
								"enabled" : false,
								"x" : 1,
								"y" : 0
							},
							"lockangle" : true,
							"locklength" : true,
							"value" : 0
						},
						{
							"back" : 
							{
								"enabled" : false,
								"x" : -1,
								"y" : 0
							},
							"frame" : 30,
							"front" : 
							{
								"enabled" : false,
								"x" : 1,
								"y" : 0
							},
							"lockangle" : true,
							"locklength" : true,
							"value" : -1.64923
						}
					],
					"c2" : 
					[
						{
							"back" : 
							{
								"enabled" : false,
								"x" : -1,
								"y" : 0
							},
							"frame" : 0,
							"front" : 
							{
								"enabled" : false,
								"x" : 1,
								"y" : 0
							},
							"lockangle" : true,
							"locklength" : true,
							"value" : 0
						},
						{
							"back" : 
							{
								"enabled" : false,
								"x" : -1,
								"y" : 0
							},
							"frame" : 30,
							"front" : 
							{
								"enabled" : false,
								"x" : 1,
								"y" : 0
							},
							"lockangle" : true,
							"locklength" : true,
							"value" : -1.64923
						}
					],
					"options" : 
					{
						"fps" : 6,
						"length" : 30,
						"mode" : "single",
						"parent" : 
						{
							"key" : "origin"
						}
					},
					"relative" : true
				},
				"value" : "1.84699 1.84699 1.84699"
			},
			"size" : "138.00000 118.00000",
			"solid" : true,
			"visible" : false
		},
		{
			"alignment" : "center",
			"alpha" : 
			{
				"animation" : 
				{
					"c0" : 
					[
						{
							"back" : 
							{
								"enabled" : false,
								"x" : -1,
								"y" : 0
							},
							"frame" : 0,
							"front" : 
							{
								"enabled" : false,
								"x" : 1,
								"y" : 0
							},
							"lockangle" : true,
							"locklength" : true,
							"value" : 1
						},
						{
							"back" : 
							{
								"enabled" : false,
								"x" : -1,
								"y" : 0
							},
							"frame" : 15,
							"front" : 
							{
								"enabled" : false,
								"x" : 1,
								"y" : 0
							},
							"lockangle" : true,
							"locklength" : true,
							"value" : 1
						},
						{
							"back" : 
							{
								"enabled" : false,
								"x" : -1,
								"y" : 0
							},
							"frame" : 22,
							"front" : 
							{
								"enabled" : false,
								"x" : 1,
								"y" : 0
							},
							"lockangle" : true,
							"locklength" : true,
							"value" : 1
						},
						{
							"back" : 
							{
								"enabled" : false,
								"x" : -1,
								"y" : 0
							},
							"frame" : 30,
							"front" : 
							{
								"enabled" : false,
								"x" : 1,
								"y" : 0
							},
							"lockangle" : true,
							"locklength" : true,
							"value" : 0
						}
					],
					"options" : 
					{
						"fps" : 30,
						"length" : 30,
						"mode" : "single",
						"parent" : 
						{
							"key" : "origin"
						}
					}
				},
				"value" : 1.0
			},
			"angles" : 
			{
				"animation" : 
				{
					"c0" : 
					[
						{
							"back" : 
							{
								"enabled" : false,
								"x" : -1,
								"y" : 0
							},
							"frame" : 0,
							"front" : 
							{
								"enabled" : false,
								"x" : 1,
								"y" : 0
							},
							"lockangle" : true,
							"locklength" : true,
							"value" : 0
						},
						{
							"back" : 
							{
								"enabled" : false,
								"x" : -1,
								"y" : 0
							},
							"frame" : 15,
							"front" : 
							{
								"enabled" : false,
								"x" : 1,
								"y" : 0
							},
							"lockangle" : true,
							"locklength" : true,
							"value" : 0
						},
						{
							"back" : 
							{
								"enabled" : false,
								"x" : -1,
								"y" : 0
							},
							"frame" : 30,
							"front" : 
							{
								"enabled" : false,
								"x" : 1,
								"y" : 0
							},
							"lockangle" : true,
							"locklength" : true,
							"value" : 0
						}
					],
					"c1" : 
					[
						{
							"back" : 
							{
								"enabled" : false,
								"x" : -1,
								"y" : 0
							},
							"frame" : 0,
							"front" : 
							{
								"enabled" : false,
								"x" : 1,
								"y" : 0
							},
							"lockangle" : true,
							"locklength" : true,
							"value" : 0
						},
						{
							"back" : 
							{
								"enabled" : false,
								"x" : -1,
								"y" : 0
							},
							"frame" : 15,
							"front" : 
							{
								"enabled" : false,
								"x" : 1,
								"y" : 0
							},
							"lockangle" : true,
							"locklength" : true,
							"value" : 0
						},
						{
							"back" : 
							{
								"enabled" : false,
								"x" : -1,
								"y" : 0
							},
							"frame" : 30,
							"front" : 
							{
								"enabled" : false,
								"x" : 1,
								"y" : 0
							},
							"lockangle" : true,
							"locklength" : true,
							"value" : 0
						}
					],
					"c2" : 
					[
						{
							"back" : 
							{
								"enabled" : false,
								"x" : -1,
								"y" : 0
							},
							"frame" : 0,
							"front" : 
							{
								"enabled" : false,
								"x" : 1,
								"y" : 0
							},
							"lockangle" : true,
							"locklength" : true,
							"value" : -0.45173000000000002
						},
						{
							"back" : 
							{
								"enabled" : true,
								"x" : -1,
								"y" : 0
							},
							"frame" : 15,
							"front" : 
							{
								"enabled" : true,
								"x" : 1,
								"y" : 0
							},
							"lockangle" : true,
							"locklength" : true,
							"value" : 0.66322000000000003
						},
						{
							"back" : 
							{
								"enabled" : false,
								"x" : -1,
								"y" : 0
							},
							"frame" : 30,
							"front" : 
							{
								"enabled" : false,
								"x" : 1,
								"y" : 0
							},
							"lockangle" : true,
							"locklength" : true,
							"value" : 0
						}
					],
					"options" : 
					{
						"fps" : 30,
						"length" : 30,
						"mode" : "single",
						"parent" : 
						{
							"key" : "origin"
						}
					},
					"relative" : true
				},
				"value" : "0.00000 0.00000 0.00000"
			},
			"brightness" : 1.0,
			"color" : "1.00000 1.00000 1.00000",
			"colorBlendMode" : 0,
			"copybackground" : true,
			"id" : 137,
			"image" : "models/shipbottom.json",
			"ledsource" : false,
			"locktransforms" : false,
			"name" : "shipbottom",
			"origin" : 
			{
				"animation" : 
				{
					"c0" : 
					[
						{
							"back" : 
							{
								"enabled" : false,
								"x" : -1,
								"y" : 0
							},
							"frame" : 0,
							"front" : 
							{
								"enabled" : false,
								"x" : 1,
								"y" : 0
							},
							"lockangle" : true,
							"locklength" : true,
							"value" : 310.87865999999985
						},
						{
							"back" : 
							{
								"enabled" : false,
								"x" : -1,
								"y" : 0
							},
							"frame" : 15,
							"front" : 
							{
								"enabled" : false,
								"x" : 1,
								"y" : 0
							},
							"lockangle" : true,
							"locklength" : true,
							"value" : -212.80054000000018
						},
						{
							"back" : 
							{
								"enabled" : false,
								"x" : -1,
								"y" : 0
							},
							"frame" : 30,
							"front" : 
							{
								"enabled" : false,
								"x" : 1,
								"y" : 0
							},
							"lockangle" : true,
							"locklength" : true,
							"value" : -790.68885
						}
					],
					"c1" : 
					[
						{
							"back" : 
							{
								"enabled" : false,
								"x" : -1,
								"y" : 0
							},
							"frame" : 0,
							"front" : 
							{
								"enabled" : false,
								"x" : 1,
								"y" : 0
							},
							"lockangle" : true,
							"locklength" : true,
							"value" : -33.813109999999995
						},
						{
							"back" : 
							{
								"enabled" : false,
								"x" : -1,
								"y" : 0
							},
							"frame" : 15,
							"front" : 
							{
								"enabled" : false,
								"x" : 1,
								"y" : 0
							},
							"lockangle" : true,
							"locklength" : true,
							"value" : 564.30462999999997
						},
						{
							"back" : 
							{
								"enabled" : false,
								"x" : -1,
								"y" : 0
							},
							"frame" : 30,
							"front" : 
							{
								"enabled" : false,
								"x" : 1,
								"y" : 0
							},
							"lockangle" : true,
							"locklength" : true,
							"value" : 824.47925000000009
						}
					],
					"c2" : 
					[
						{
							"back" : 
							{
								"enabled" : false,
								"x" : -1,
								"y" : 0
							},
							"frame" : 0,
							"front" : 
							{
								"enabled" : false,
								"x" : 1,
								"y" : 0
							},
							"lockangle" : true,
							"locklength" : true,
							"value" : 0
						},
						{
							"back" : 
							{
								"enabled" : false,
								"x" : -1,
								"y" : 0
							},
							"frame" : 15,
							"front" : 
							{
								"enabled" : false,
								"x" : 1,
								"y" : 0
							},
							"lockangle" : true,
							"locklength" : true,
							"value" : 0
						},
						{
							"back" : 
							{
								"enabled" : false,
								"x" : -1,
								"y" : 0
							},
							"frame" : 30,
							"front" : 
							{
								"enabled" : false,
								"x" : 1,
								"y" : 0
							},
							"lockangle" : true,
							"locklength" : true,
							"value" : 0
						}
					],
					"options" : 
					{
						"children" : 
						[
							{
								"key" : "scale"
							},
							{
								"key" : "angles"
							},
							{
								"key" : "alpha"
							}
						],
						"fps" : 30,
						"length" : 30,
						"mode" : "single",
						"startpaused" : true
					},
					"relative" : true
				},
				"value" : "2551.48511 -179.85913 0.00000"
			},
			"parallaxDepth" : "1.00000 1.00000",
			"perspective" : false,
			"scale" : 
			{
				"animation" : 
				{
					"c0" : 
					[
						{
							"back" : 
							{
								"enabled" : false,
								"x" : -1,
								"y" : 0
							},
							"frame" : 0,
							"front" : 
							{
								"enabled" : false,
								"x" : 1,
								"y" : 0
							},
							"lockangle" : true,
							"locklength" : true,
							"value" : 0
						},
						{
							"back" : 
							{
								"enabled" : false,
								"x" : -1,
								"y" : 0
							},
							"frame" : 15,
							"front" : 
							{
								"enabled" : false,
								"x" : 1,
								"y" : 0
							},
							"lockangle" : true,
							"locklength" : true,
							"value" : -0.92012000000000005
						},
						{
							"back" : 
							{
								"enabled" : false,
								"x" : -1,
								"y" : 0
							},
							"frame" : 30,
							"front" : 
							{
								"enabled" : false,
								"x" : 1,
								"y" : 0
							},
							"lockangle" : true,
							"locklength" : true,
							"value" : -1.8403099999999999
						}
					],
					"c1" : 
					[
						{
							"back" : 
							{
								"enabled" : false,
								"x" : -1,
								"y" : 0
							},
							"frame" : 0,
							"front" : 
							{
								"enabled" : false,
								"x" : 1,
								"y" : 0
							},
							"lockangle" : true,
							"locklength" : true,
							"value" : 0
						},
						{
							"back" : 
							{
								"enabled" : false,
								"x" : -1,
								"y" : 0
							},
							"frame" : 15,
							"front" : 
							{
								"enabled" : false,
								"x" : 1,
								"y" : 0
							},
							"lockangle" : true,
							"locklength" : true,
							"value" : -0.92012000000000005
						},
						{
							"back" : 
							{
								"enabled" : false,
								"x" : -1,
								"y" : 0
							},
							"frame" : 30,
							"front" : 
							{
								"enabled" : false,
								"x" : 1,
								"y" : 0
							},
							"lockangle" : true,
							"locklength" : true,
							"value" : -1.8403099999999999
						}
					],
					"c2" : 
					[
						{
							"back" : 
							{
								"enabled" : false,
								"x" : -1,
								"y" : 0
							},
							"frame" : 0,
							"front" : 
							{
								"enabled" : false,
								"x" : 1,
								"y" : 0
							},
							"lockangle" : true,
							"locklength" : true,
							"value" : 0
						},
						{
							"back" : 
							{
								"enabled" : false,
								"x" : -1,
								"y" : 0
							},
							"frame" : 15,
							"front" : 
							{
								"enabled" : false,
								"x" : 1,
								"y" : 0
							},
							"lockangle" : true,
							"locklength" : true,
							"value" : -0.92012000000000005
						},
						{
							"back" : 
							{
								"enabled" : false,
								"x" : -1,
								"y" : 0
							},
							"frame" : 30,
							"front" : 
							{
								"enabled" : false,
								"x" : 1,
								"y" : 0
							},
							"lockangle" : true,
							"locklength" : true,
							"value" : -1.8403099999999999
						}
					],
					"options" : 
					{
						"fps" : 30,
						"length" : 30,
						"mode" : "single",
						"parent" : 
						{
							"key" : "origin"
						}
					},
					"relative" : true
				},
				"value" : "1.89459 1.89459 1.89459"
			},
			"size" : "312.00000 279.00000",
			"solid" : true,
			"visible" : false
		},
		{
			"angles" : "0.00000 -0.00000 0.18640",
			"id" : 92,
			"instanceoverride" : 
			{
				"brightness" : 40.0,
				"colorn" : "0.52157 0.81176 1.00000",
				"count" : 0.43000000715255737,
				"id" : 93,
				"lifetime" : 1.0499999523162842,
				"rate" : 0.60000002384185791,
				"size" : 0.75999999046325684
			},
			"locktransforms" : false,
			"name" : "column_copy1",
			"origin" : "2305.82764 507.81219 0.00000",
			"parallaxDepth" : "1.00000 1.00000",
			"particle" : "particles/column_copy1.json",
			"scale" : "1.00000 1.00000 1.00000",
			"visible" : false
		},
		{
			"angles" : "0.00000 -0.00000 0.18640",
			"id" : 104,
			"instanceoverride" : 
			{
				"brightness" : 40.0,
				"colorn" : "0.52157 0.81176 1.00000",
				"count" : 0.43000000715255737,
				"id" : 49,
				"lifetime" : 1.0499999523162842,
				"rate" : 0.60000002384185791,
				"size" : 0.75999999046325684
			},
			"locktransforms" : false,
			"name" : "column_copy1",
			"origin" : "2128.31421 474.33496 0.00000",
			"parallaxDepth" : "1.00000 1.00000",
			"particle" : "particles/column_copy1.json",
			"scale" : "1.00000 1.00000 1.00000",
			"visible" : false
		},
		{
			"angles" : "0.00000 -0.00000 0.18640",
			"id" : 114,
			"instanceoverride" : 
			{
				"brightness" : 40.0,
				"colorn" : "0.52157 0.81176 1.00000",
				"count" : 0.43000000715255737,
				"id" : null,
				"lifetime" : 1.0499999523162842,
				"size" : 0.75999999046325684
			},
			"locktransforms" : false,
			"name" : "column_copy1",
			"origin" : "2105.59961 88.18619 0.00000",
			"parallaxDepth" : "1.00000 1.00000",
			"particle" : "particles/column_copy1.json",
			"scale" : "1.00000 1.00000 1.00000",
			"visible" : false
		},
		{
			"angles" : "0.00000 -0.00000 0.18640",
			"id" : 121,
			"instanceoverride" : 
			{
				"brightness" : 40.0,
				"colorn" : "0.52157 0.81176 1.00000",
				"count" : 0.43000000715255737,
				"id" : null,
				"lifetime" : 1.0499999523162842,
				"size" : 0.75999999046325684
			},
			"locktransforms" : false,
			"name" : "column_copy1",
			"origin" : "2279.03101 120.89359 0.00000",
			"parallaxDepth" : "1.00000 1.00000",
			"particle" : "particles/column_copy1.json",
			"scale" : "1.00000 1.00000 1.00000",
			"visible" : false
		},
		{
			"angles" : "0.00000 -0.00000 0.18640",
			"id" : 127,
			"instanceoverride" : 
			{
				"brightness" : 40.0,
				"colorn" : "0.52157 0.81176 1.00000",
				"count" : 0.43000000715255737,
				"id" : 129,
				"lifetime" : 0.5899999737739563,
				"size" : 0.75999999046325684
			},
			"locktransforms" : false,
			"name" : "column_copy1",
			"origin" : "2456.93579 154.44464 0.00000",
			"parallaxDepth" : "1.00000 1.00000",
			"particle" : "particles/column_copy1.json",
			"scale" : "1.00000 1.00000 1.00000",
			"visible" : false
		},
		{
			"angles" : "0.00000 -0.00000 2.65060",
			"id" : 139,
			"instanceoverride" : 
			{
				"alpha" : 0.27000001072883606,
				"brightness" : 6.3499999046325684,
				"colorn" : "0.54902 0.11765 0.25098",
				"count" : 0.41999998688697815,
				"id" : 140
			},
			"locktransforms" : false,
			"name" : "Light shafts 2",
			"origin" : "328.00525 570.60681 0.00000",
			"parallaxDepth" : "1.00000 1.00000",
			"particle" : "particles/presets/light_shafts_2.json",
			"scale" : "2.82306 2.82306 2.82306",
			"visible" : false
		}
	],
	"version" : 0
}